Category,Metric,Value,Status,Priority
Duplicates,Exact Duplicate Groups,40,Action Required,High
Duplicates,Files to Remove,52,Can Execute Now,High
Duplicates,Semantic Groups,501,Manual Review,Medium
Duplicates,Space to Save,0.52 MB,Quick Win,High
Code Quality,Bare Except Fixed,429,Completed âœ…,High
Code Quality,Large Files (>500 lines),391,Consider Refactoring,Medium
Code Quality,TODO Comments,1224,Review & Complete,Low
Structure,Total Folders,1139,Info,Info
Structure,Current Max Depth,10,Too Deep,High
Structure,Target Depth,6,Recommended,High
Structure,Deep Folders,153,Need Flattening,High
Categories,AI Tools,240 folders,Largest Category,Info
Categories,Media Processing,172 folders,2nd Largest,Info
Categories,Data Analysis,163 folders,3rd Largest,Info
Files,Total Python Scripts,3517,Large Codebase,Info
Files,Total Size,1.6 GB,Substantial,Info
Action Items,Remove Duplicates,52 files,Ready to Execute,High
Action Items,Flatten Folders,TBD,Plan Created,High
Action Items,Fix Quality Issues,391 files,Ongoing,Medium
Action Items,Resolve TODOs,1224 items,Ongoing,Low
