original,suggested,docstring,comment,hints,lines
script_1.py,use_of_this_source_code_is_governed_by_a_bsd_style_license_t.py,,Use of this source code is governed by a BSD-style license that can be,,198
script_100.py,utility_functions_for_finding_modules.py,"Utility functions for finding modules

Utility functions for finding modules on ",Distributed under the terms of the Modified BSD License.,,72
script_101.py,,,# Quality indicators,,193
script_103.py,tts.py,,# Check for API key,tts,117
script_104.py,instagram.py,,,instagram,46
script_106.py,load_environment_variables_from_env_make_sure_your_openai.py,,Load environment variables from .env (make sure your OPENAI_API_KEY is stored he,whisper_transcribe,188
script_11.py,save_the_image_with_300_dpi_and_ensure_it_doesnt_exceed_8.py,,# Save the image with 300 DPI and ensure it doesn't exceed 8MB,upscale,46
script_110.py,content_automation_system_for_dual_domain_strategy.py,"Content Automation System for Dual-Domain Strategy
Automates content creation an",,avatararts,127
script_111.py,,,,,27
script_112.py,content_aware_chat_analysis_organizer.py,"Content-Aware Chat Analysis Organizer
Deep analyzes chat files to understand pat",,,215
script_114.py,probably_should_remove_this_but_i_imagine_its_for_python.py,,"# probably should remove this, but i imagine it's for python2.7 support? dunno",,38
script_115.py,,,,,105
script_116.py,tests_that_work_on_both_the_python_and_c_engines_but_do_not.py,"Tests that work on both the Python and C engines but do not have a
specific clas",,csv_processor,72
script_117.py,nocturne.py,,Directory paths,nocturne,77
script_118.py,the_open_file_descriptor.py,,#: the open file descriptor,,142
script_12.py,,,,,183
script_120.py,merged_content_analysis_tool.py,"Merged Content Analysis Tool

This file was automatically merged from the follow",Imports from all source files,"nocturne,csv_processor",37
script_121.py,simple_file_organization_script.py,"Simple File Organization Script
Migrates files to new structure without external",# Find all MP3 files,,199
script_122.py,,,,,198
script_123.py,check_for_both_jpg_and_png_extensions.py,,# Check for both JPG and PNG extensions,,64
script_124.py,strict_type_checking_on_our_parameters.py,,# Strict type checking on our parameters.,,126
script_126.py,,,Configure logging,,239
script_127.py,,,,,18
script_128.py,create_the_target_directory_if_it_doesnt_exist.py,,# Create the target directory if it doesn't exist,,60
script_129.py,,,,,148
script_13.py,author_abhilasha_lodha.py,author: abhilasha_lodha,,,35
script_130.py,instagram.py,,,instagram,211
script_131.py,whisper_transcribe.py,,Setup basic logging,whisper_transcribe,136
script_132.py,nocturne.py,,,nocturne,156
script_133.py,create_a_corrected_drop_in_script_argparse_based_a_batch.py,,"Create a corrected drop-in script (argparse-based), a batch runner, and zip them",whisper_transcribe,200
