CURRENT_NAME,PURPOSE,CATEGORY,SERVICES,KEEP_OR_RENAME?,NEW_NAME_(if_renaming)
15day.py,"Ensure the directory exists. If not, create it.",CSV Processing,,,
15days.py,"Ensure the directory exists. If not, create it.",CSV Processing,,,
2leomotion.py,No docstring,Image Processing,"Leonardo, AWS",,
2mentest.py,extract_sitemap_data function.,General Utility,,,
AskReddit.py,No docstring,YouTube Automation,"YouTube, Reddit",,
CLEANUP_SUNO_TOOLS.py,CLEANUP SUNO_TOOLS FOLDER,File Management,Suno,,
Multi-Modal.py,ULTIMATE Media Analysis Pipeline - Multi-API Edition,AI Content Generation,"OpenAI, Anthropic, Whisper",,
MultiThread.py,"Before changing the program and publishing it somewhere, please",Gallery Generation,,,
PSDImage.py,PSD Image module.,Data Merging,,,
SendNotification.py,4. Send tweet when video is published,General Utility,,,
WhisperTranscriber.py,Load configuration file,Audio Transcription,Whisper,,
_RefreshThread.py,A thread that calls refresh() at regular intervals.,General Utility,,,
adaptive-content-awareness.py,Adaptive Content-Aware Analysis System,Gallery Generation,Stability,,
add_text.py,# Vincent: I think we need a new product.,General Utility,,,
adown.py,list_remote_files function.,Gallery Generation,Leonardo,,
advanced_content_pipeline.py,üöÄ ADVANCED CONTENT GENERATION PIPELINE,Instagram Automation,"OpenAI, Anthropic, Instagram, ElevenLabs, Leonardo, Stability, AWS",,
against.py,No docstring,General Utility,,,
agent.py,__init__ function.,AI Content Generation,OpenAI,,
aggressive-filename-cleaner.py,Aggressive Filename Cleaner - Fix the filename insanity,File Management,,,
aggressive-renamer.py,Python Aggressive Renamer,Instagram Automation,"OpenAI, Anthropic, Instagram, YouTube, Suno",,
ai-conversation-exports.py,File Organization Script for AI Export Tools,AI Content Generation,"Anthropic, Suno",,
ai-stability-code.py,Intelligent Code Analyzer,File Management,Stability,,
ai_deep_analyzer.py,üß† AI-POWERED DEEP INTELLIGENT CONTENT-AWARE ANALYZER,Telegram Bot,"OpenAI, Anthropic, Telegram, Discord",,
album-sorting.py,Return a sorted list of base names for files with the given suffix in the directory.,File Management,,,
album.py,extract_album function.,File Management,,,
albums.py,organize_files function.,File Management,,,
alchemy-quiz.py,AlchemyAPI MP3 Generator,AI Content Generation,OpenAI,,
alias.py,System command aliases.,General Utility,,,
alphabet.py,Generates an HTML gallery grouped alphabetically by sets of images and MP4s.,Gallery Generation,,,
analyze-code-complexity.py,__init__ function.,Gallery Generation,,,
analyze-folder-reader.py,pyrepo_doc_organizer.py,YouTube Automation,"OpenAI, Anthropic, YouTube, Whisper, AWS",,
analyze-json-writer.py,Complete Cleanup Orchestrator,File Management,,,
analyze-metadata.py,Shared helpers for GPT-based image metadata enrichment.,AI Content Generation,OpenAI,,
analyze-mp3-transcript-prompts.py,No docstring,AI Content Generation,"OpenAI, Whisper",,
analyze-prompt.py,"Generate detailed, descriptive image prompts from a timestamped transcript.",General Utility,,,
analyze-reader.py,Calls GPT-4o Vision API to analyze the image at image_path.,AI Content Generation,OpenAI,,
analyze-shorts-info_code.py,Analyze the transcribed text using OpenAI GPT.,AI Content Generation,"OpenAI, Whisper",,
analyze-writer.py,Simple Quality Monitor,AI Content Generation,Anthropic,,
analyze.py,instabot example,Instagram Automation,Instagram,,
analyze_and_transcribe_missing.py,üîç ANALYZE & TRANSCRIBE MISSING CONTENT,Audio Transcription,,,
analyze_versions.py,Script Version Analyzer,File Management,,,
analyzer.py,analyze_text function.,AI Content Generation,OpenAI,,
anthropic-download.py,Content-Aware Chat Analysis Organizer,AI Content Generation,Anthropic,,
api.py,Load all .env files from ~/.env.d directory,Image Processing,Leonardo,,
api_key_inventory.py,üîë API KEY INVENTORY SCANNER,Instagram Automation,"OpenAI, Anthropic, Instagram, YouTube, Reddit, Telegram, Whisper, ElevenLabs, Suno, Leonardo, Stability, AWS, Supabase, Pinecone",,
api_key_inventory_v2.py,üîë API KEY INVENTORY V2,Instagram Automation,"OpenAI, Anthropic, Instagram, YouTube, Reddit, Telegram, Discord, Whisper, ElevenLabs, Suno, Leonardo, Stability, AWS, Supabase, Pinecone",,
application-query-expanison.py,generate function.,AI Content Generation,OpenAI,,
application-self-query.py,generate function.,AI Content Generation,OpenAI,,
apply-improvements.py,GitHub Repository Improvement Script,Data Merging,,,
approve.py,instabot example,Instagram Automation,Instagram,,
apps-render.py,__init__ function.,General Utility,,,
apps.py,convert_to_direct_link function.,General Utility,,,
archive-reader.py,Comprehensive Merge and Consolidation Tool,Audio Transcription,"Whisper, Suno",,
ascii-python.py,Generate ASCII art text using simple character patterns,Gallery Generation,,,
askreddit-loop-1.py,random_title_msg function.,YouTube Automation,"YouTube, Reddit",,
askredditbot.py,No docstring,Reddit Automation,Reddit,,
audio-analyzer.py,transcribe_audio function.,AI Content Generation,"OpenAI, Whisper",,
audio-app.py,No docstring,Reddit Automation,Reddit,,
audio-sub.py,This script is used to generate a transcript from an audio file using AssemblyAI api.,Audio Transcription,,,
audio-thinketh.py,Cinematic hybrid edition:,AI Content Generation,OpenAI,,
audio.py,transcribe_audio function.,Audio Transcription,Whisper,,
audiobook-producer.py,OpenAI TTS Audiobook Producer,AI Content Generation,OpenAI,,
autocall.py,Autocall capabilities for IPython.core.,General Utility,,,
autofill.py,gpt_fill function.,AI Content Generation,OpenAI,,
automated-fixer.py,Automated code fixer,File Management,,,
automation-playwright-screenshot.py,Downloads screenshots of reddit posts as they are seen on the web.,Reddit Automation,Reddit,,
automation-selenium-content.py,üåü Content Generator - Quantum Creative Alchemist,YouTube Automation,"OpenAI, YouTube",,
autonomous-content-agency.py,üé¨ Autonomous Content Agency,Telegram Bot,"OpenAI, Anthropic, Telegram, ElevenLabs, Leonardo",,
avatar-download.py,list_remote_files function.,Gallery Generation,Leonardo,,
avatararts-flatten.py,Final Flattening Script - Move ALL files to root and remove ALL directories,Gallery Generation,,,
backlinker.py,_ ____             _    _ _       _             ,General Utility,,,
backup-avatararts-system.py,Comprehensive Backup System for AvaTarArTs Projects,AI Content Generation,"OpenAI, Leonardo",,
backup-installations.py,run_command function.,CSV Processing,,,
backupcsv.py,No docstring,Gallery Generation,,,
base-classes.py,Robust Documents Analyzer,File Management,,,
base-gallery-logic.py,Base class for defining a gallery logic. Derived classes should implement the methods create_thumbna,Gallery Generation,,,
basic-follow-unfollow.py,This template is written by @cormo1990,General Utility,,,
basics.py,MIT License,File Management,,,
batch-1.py,Load OpenAI API key from .env and return a configured OpenAI client.,AI Content Generation,OpenAI,,
batch-folder-writer.py,List all virtual environment directories.,General Utility,,,
batch-image.py,Load OpenAI API key from .env and return a configured OpenAI client.,AI Content Generation,OpenAI,,
batch-info.py,Prepare a batch request to OpenAI for suggesting appropriate titles for scripts.,AI Content Generation,OpenAI,,
batch-processor.py,Authenticates the user and returns a YouTube API client.,YouTube Automation,YouTube,,
batch.py,Enhanced Batch Gallery Generator for Simple Photo Gallery,Image Processing,AWS,,
batch.py.bak.py,Prepare a batch request to OpenAI for suggesting appropriate titles for scripts.,AI Content Generation,OpenAI,,
batch_transcript_finder.py,üîç BATCH TRANSCRIPT FINDER,File Management,,,
black-white.py,instabot example,Instagram Automation,Instagram,,
block-bots.py,instabot example,Instagram Automation,Instagram,,
bookmarks.py,add_bookmarks function.,General Utility,,,
bot-library.py,"if login function is run threaded, for example in scheduled job,",Instagram Automation,Instagram,,
botInstagram.py,Created in 07/CONSTANT_2020,General Utility,,,
botLike.py,Created in 12/CONSTANT_2019,Instagram Automation,Instagram,,
bot_photo.py,Upload photo to Instagram,Instagram Automation,Instagram,,
brand-builder.py,üé® Multi-Modal Brand Builder,AI Content Generation,"OpenAI, Anthropic, ElevenLabs, Leonardo, Stability, Supabase, Pinecone",,
brand.py,load function.,General Utility,,,
breakdown.py,get_script_description function.,AI Content Generation,OpenAI,,
bubblespider-amazon-scraper.py,extract_amazon_urls_to_csv function.,Gallery Generation,,,
build.py,Configures the argument parser,Gallery Generation,,,
bulk-renamer.py,Intelligent Bulk File Renamer,Instagram Automation,"OpenAI, Instagram, YouTube, Reddit, Whisper",,
business-intelligence.py,üìä AI Business Intelligence Platform,Telegram Bot,"OpenAI, Anthropic, Telegram, ElevenLabs, Supabase, Pinecone",,
button.py,Initiating Download,YouTube Automation,"YouTube, Telegram",,
buttons.py,No docstring,YouTube Automation,"YouTube, Telegram",,
cache.py,__init__ function.,Instagram Automation,Instagram,,
calculator.py,Simple calculator tool for basic math operations.,General Utility,,,
capture.py,Tests for IPython.utils.capture,Gallery Generation,,,
catalog-to-csv.py,analyze_images_to_csv.py,AI Content Generation,OpenAI,,
categorizer.py,get_openai_category function.,AI Content Generation,OpenAI,,
category-readme-generator.py,Intelligent Category README Generator,Instagram Automation,"Instagram, YouTube",,
chat-base.py,TRChatBase function.,Telegram Bot,Telegram,,
chatgpt-conversation-exporter.py,ChatGPT Conversation Exporter,AI Content Generation,"OpenAI, Suno",,
chatgpt.py,ChatGPT Agent - A simple conversational AI agent using OpenAI's API,AI Content Generation,OpenAI,,
chatprompt.py,Shared helpers for chat-based OpenAI interactions.,AI Content Generation,OpenAI,,
check-1.py,No docstring,AI Tool,Anthropic,,
check-modules.py,check_modules function.,General Utility,,,
check-quality.py,Check Current Quality Status,General Utility,,,
check.py,No docstring,AI Content Generation,Anthropic,,
check_file.py,No docstring,File Management,,,
checkpoint.py,Instabot Checkpoint methods.,Instagram Automation,Instagram,,
classify.py,generate_category_with_openai function.,AI Content Generation,OpenAI,,
claude-anthropic-download.py,Enhanced Content-Aware Chat Analysis Organizer v2.0,AI Content Generation,Anthropic,,
claude-chief.py,ü§ñ Personal AI Chief of Staff,Telegram Bot,"OpenAI, Anthropic, Telegram, ElevenLabs, Stability, Supabase, Pinecone",,
claude-code-review-system.py,üíª Intelligent Code Review & Documentation System,Telegram Bot,"OpenAI, Anthropic, Telegram, Pinecone",,
claude-deep.py,Deep Code Analysis - Advanced Content-Aware System,AI Content Generation,"OpenAI, Anthropic",,
claude.py,Web search server tool for the agent framework.,AI Tool,Anthropic,,
clean_flatten_names.py,Clean and Fix Flattened Filenames,File Management,,,
clean_folder_names_no_vols.py,üìÇ CLEAN FOLDER NAMES - Remove Vol Numbers,File Management,,,
cleanup-messy-names.py,üîß Fix Timestamped Files - Clean Up Messy Filenames,Gallery Generation,,,
cli-config-manager.py,AI CLI Configuration Manager,AI Tool,"OpenAI, ElevenLabs, Suno, Leonardo, Stability, Supabase, Pinecone",,
cli.py,Simple Claude CLI for terminal usage,AI Content Generation,Anthropic,,
client-v1.py,No docstring,File Management,,,
clipEditor.py,No docstring,Image Processing,,,
clips-1.py,gen_comment_image function.,General Utility,,,
cloud-services-aws-streamlit.py,"Entrypoint for streamlit, see https://docs.streamlit.io/",AI Tool,"Anthropic, AWS",,
cloud-services-delete.py,Deletes an AWS SageMaker endpoint and its associated configuration.,General Utility,AWS,,
cloud-services-sagemaker.py,Initializes the deployment strategy with the necessary services.,General Utility,AWS,,
code-apply-improvements.py,Codebase Improvement Implementer,AI Content Generation,Anthropic,,
codebase.py,AvaTarArTs Suite - Codebase Analyzer,File Management,,,
collect-stats.py,instabot example,Instagram Automation,Instagram,,
combiner.py,No docstring,Instagram Automation,"Instagram, YouTube, Whisper",,
compare-content.py,Descriptor data structure.,General Utility,,,
compare-files.py,Check if a thumbnail has the correct height,Gallery Generation,,,
compare_versions.py,Version Comparison Tool,YouTube Automation,YouTube,,
compile.py,compile_image_info function.,CSV Processing,,,
comprehensive_dedup_rename.py,Comprehensive Deduplication & Rename,File Management,,,
comprehensive_folder_consolidation.py,üéµ COMPREHENSIVE FOLDER CONSOLIDATION,File Management,Suno,,
comprehensive_music_content_scan.py,üéµ COMPREHENSIVE MUSIC CONTENT SCANNER,File Management,Suno,,
comprehensive_transcript_search.py,üîç COMPREHENSIVE TRANSCRIPT & LYRICS SEARCH,File Management,,,
comprehensive_verifier.py,Comprehensive Structure Verifier,General Utility,,,
computer.py,"A tool that allows the agent to interact with the screen, keyboard, and mouse of the current compute",AI Tool,Anthropic,,
confcli.py,remove_old_files function.,General Utility,,,
config.py,find_proxies function.,General Utility,,,
config.py.py,No docstring,YouTube Automation,YouTube,,
consolidate_versions.py,Script Version Consolidator,File Management,,,
consolidation.py,Final File Consolidation Script,Image Processing,,,
constants.py,WARNING: Please configure OAuth 2.0,YouTube Automation,YouTube,,
contacts.py,No docstring,Image Processing,,,
content-aware-analyzer.py,Detailed Comparison Report Generator,Gallery Generation,,,
content-aware.py,Content-Aware File Deduplication and Organization System,Gallery Generation,,,
content-creation-leonardo.py,Save image and motion MP4 URLs to CSV.,CSV Processing,Leonardo,,
content-creation-nocturne.py,"Collects all PNG, JPG, JPEG files from the source directory and its subdirectories.",General Utility,,,
content-creation-suno.py,Scrape Suno-like grid HTML into CSV.,Gallery Generation,Suno,,
content-factory.py,üé® AI Content Factory,General Utility,"Leonardo, Stability",,
content_aware_organizer.py,üå≥ CONTENT-AWARE PARENT FOLDER STRUCTURE ANALYZER,Instagram Automation,"OpenAI, Anthropic, Instagram, Reddit",,
conversation.py,Claude Code Conversation Exporter,AI Content Generation,Anthropic,,
conversion.py,No docstring,General Utility,,,
convert-aiff-to-mp3.py,Convert AIFF files to MP3 format,General Utility,,,
convert-json-writer.py,Convert an image to JPEG format with specified DPI.,Image Processing,Leonardo,,
convert-loop.py,Load all .env files from ~/.env.d directory,Image Processing,Leonardo,,
convert-loop2.py,Convert an image to JPEG format with specified DPI.,Image Processing,Leonardo,,
convert-mp4-transcribe.py,No docstring,Audio Transcription,Whisper,,
convert-video-segments.py,No docstring,Audio Transcription,Whisper,,
convert.py,Advanced File Processor - Consolidated Processing Script,AI Tool,OpenAI,,
converters.py,Commonly useful converters.,General Utility,,,
converts.py,convert_and_upscale_images function.,Image Processing,,,
convertupscale.py,convert_and_upscale_images function.,Image Processing,,,
cover.py,generate_cover_image_with_dalle function.,AI Content Generation,OpenAI,,
crawl.py,get_check_value function.,General Utility,,,
create-audiobook.py,tts_start function.,General Utility,,,
create-files.py,Create a backup of the given file in the specified backup directory.,CSV Processing,,,
create-gallery.py,Generates an HTML gallery grouped alphabetically by sets of images and MP4s.,Gallery Generation,,,
create-strip.py,resize_and_add_border function.,Image Processing,,,
create_reorganization_plan.py,üóÇÔ∏è INTELLIGENT REORGANIZATION PLANNER,File Management,,,
createdb.py,No docstring,General Utility,,,
createimages.py,generate_clickable_title function.,AI Content Generation,"OpenAI, Stability",,
cross_directory_merger.py,üîÑ CROSS-DIRECTORY INTELLIGENT MERGER,Instagram Automation,"OpenAI, Instagram, YouTube, Leonardo",,
csv-extract-webm-files.py,No docstring,CSV Processing,,,
csvmerge.py,No docstring,Data Merging,,,
csvsort.py,Create a safe filename from a title.,File Management,,,
custom-thumbnail.py,No docstring,Telegram Bot,Telegram,,
cutout-process.py,Applies a circular mask to the input image and saves it with transparency.,General Utility,,,
dalle-prompt.py,upscale_image function.,YouTube Automation,"OpenAI, YouTube",,
dallecsv.py,No docstring,AI Content Generation,OpenAI,,
database-clients-extract.py,Automated Conversation Archive System,Gallery Generation,,,
database.py,No docstring,General Utility,,,
decorator.py,"Decorators are not really values, however we need some wrappers to improve",General Utility,,,
deep-code.py,üß† AI-POWERED DEEP INTELLIGENT CONTENT-AWARE ANALYZER,Telegram Bot,"OpenAI, Anthropic, Telegram, Discord",,
deep-content.py,AI-Powered Deep Analyzer with Content-Awareness,AI Content Generation,Anthropic,,
deep-level.py,Deep 6-Level Simplifier,Gallery Generation,,,
deep.py,Deep Analyzer with Content-Awareness,Gallery Generation,,,
deep_content_cross_reference.py,üìö DEEP CONTENT CROSS-REFERENCE SCANNER,File Management,,,
deep_music_directory_analyzer.py,üéµ DEEP MUSIC DIRECTORY ANALYZER & MERGER,File Management,,,
deepgram-updated.py,Updated Deepgram Live Transcription Test,Audio Transcription,,,
deepgram_test.py,No docstring,Audio Transcription,,,
defaults.py,No docstring,File Management,,,
delete-endpoint.py,Deletes an AWS SageMaker endpoint and its associated configuration.,General Utility,AWS,,
delete-posts.py,instabot example,Instagram Automation,Instagram,,
delete.py,delete_media function.,General Utility,,,
denoiser.py,Denoise an image with the FFDNet denoising method,Image Processing,,,
deploy-sagemaker.py,"In Amazon SageMaker and other AWS services, Application Auto Scaling allows you to automatically sca",File Management,AWS,,
development-apps-input.py,get_inputs function.,General Utility,,,
development-frameworks-python.py,Enhanced Python Directory Metadata Analyzer,File Management,,,
development-gui-apps-hooks.py,Hooks for IPython.,File Management,,,
development-process-proc.py,categorize_image function.,File Management,,,
development-utils-jsonutil.py,Utilities to manipulate JSON objects.,General Utility,,,
devops.py,Context-Efficient DevOps Engineer Agent,File Management,,,
diagnose.py,"Diagnostic functions, mainly for use when doing tech support.",Gallery Generation,,,
direct.py,:param self: bot,General Utility,,,
directory-organizer.py,Directory Organizer - Intelligently organize all folders,Instagram Automation,"Instagram, YouTube, Reddit, Telegram, Leonardo",,
discography-grid-html.py,<!DOCTYPE html>,Gallery Generation,,,
discography-html.py,<!DOCTYPE html>,Gallery Generation,,,
discography.py,AlchemyAPI Discography Merger,YouTube Automation,"YouTube, Suno",,
displayhook.py,Checking to make sure that output is displayed,General Utility,,,
documents.py,Script to create a CSV backup of ~/documents directory in the same format as ~/clean,Gallery Generation,,,
domination-engine.py,üöÄ SEO Domination Engine,AI Content Generation,"OpenAI, Anthropic",,
down.py,No docstring,CSV Processing,,,
download-1.py,Advanced Content Analyzer - Consolidated Analysis Script,YouTube Automation,"OpenAI, YouTube",,
download-2.py,AlchemyAPI Advanced Demo Generator,Audio Transcription,Whisper,,
download-3.py,Simple HTML Documentation Generator,YouTube Automation,"OpenAI, YouTube, Whisper",,
download-4.py,Advanced Sort and Deduplication Tool,Audio Transcription,"Whisper, Suno",,
download-data.py,No docstring,AI Tool,OpenAI,,
download-files.py,mp3_to_wav_Conversion function.,General Utility,,,
download-simple.py,No docstring,General Utility,,,
download.py,download_and_convert_to_png function.,CSV Processing,,,
download_vid.py,Downloads video from Pexels with the according video ID,Image Processing,,,
downloader-progress.py,Fetches top bestselling blueprints from Printify,General Utility,,,
downloadr.py,This template is written by @Nuzzo235,General Utility,,,
downloads-index-builder.py,Steven's Downloads Archive - Index Generator,Gallery Generation,,,
downloads.py,Downloads Directory Organizer & Consolidator,AI Content Generation,"Anthropic, Suno, Leonardo",,
downs.py,download_and_convert_to_png function.,CSV Processing,,,
drive-compare.py,Compare CSV analysis results from both drives,File Management,,,
dthumb.py,Load all .env files from ~/.env.d directory,YouTube Automation,"YouTube, ElevenLabs",,
dualdomainstrategy-v1.py,Dual-Domain Strategy Implementation System,Instagram Automation,"OpenAI, Instagram, YouTube, Discord",,
dummies.py,No docstring,Data Analysis,,,
dupes.py,Check if a given path matches any of the exclusion patterns.,Gallery Generation,,,
duplicate-cleaner.py,Duplicate Cleaner - Remove duplicate files and consolidate naming,File Management,,,
dynamic.py,One of the really important features of |jedi| is to have an option to,General Utility,,,
ecommerce-payments-deep.py,Deep Content-Aware File Renamer,Instagram Automation,"OpenAI, Instagram, YouTube, Reddit, Telegram, AWS",,
ecosystem-insights.py,Python Ecosystem Insights,Instagram Automation,"OpenAI, Instagram, YouTube, Suno",,
ecosystem-master.py,Python Ecosystem Master Mapper,Instagram Automation,"OpenAI, Anthropic, Instagram, YouTube, Whisper, Suno",,
edit.py,"An filesystem editor tool that allows the agent to view, create, and edit files.",AI Content Generation,Anthropic,,
editorhooks.py,'editor' hooks for common editors that work well with ipython,General Utility,,,
elevenlabs.py,__init__ function.,General Utility,ElevenLabs,,
eliminate.py,Eliminate Archive Directories,Instagram Automation,"Instagram, YouTube, Reddit, Telegram",,
emotional.py,AlchemyAPI Emotional Quiz Generator,AI Content Generation,OpenAI,,
empty.py,Tests dtype specification during parsing,CSV Processing,,,
encoding.py,Tests encoding functionality during parsing,CSV Processing,Leonardo,,
environment.py,No docstring,Data Analysis,,,
etree.py,No docstring,General Utility,,,
etsy-image-metadata.py,Analyze image metadata using OpenAI API with retry logic,AI Content Generation,OpenAI,,
etsy-sort.py,organize_etsy_csv function.,File Management,,,
evaluate.py,Function.,AI Content Generation,OpenAI,,
evaluation.py,MCP Server Evaluation Harness,AI Content Generation,Anthropic,,
events.py,Infrastructure for registering and firing callbacks on application events.,General Utility,,,
excel-intelligent-organizer.py,Intelligent Excel File Organizer,File Management,,,
exceptions.py,Base exception of ``fastjsonschema`` library.,General Utility,,,
excolors.py,Color schemes for exception handling code in IPython.,File Management,,,
execute-excel-organization.py,Execute Excel Organization - Non-interactive version,File Management,,,
execute_archive_cleanup_merge.py,üßπ EXECUTE ARCHIVE CLEANUP & MERGE,File Management,,,
execute_dedup_rename.py,Execute Comprehensive Deduplication & Rename,File Management,,,
export-ai-conversations.py,Universal Conversation Exporter,AI Content Generation,"OpenAI, Anthropic, Suno",,
export-warehouse.py,No docstring,General Utility,,,
extract-files.py,"Parses a Markdown file to extract trends, designs, and tags into a structured table.",CSV Processing,,,
extract-songs.py,prompt_for_files function.,Gallery Generation,Suno,,
extract-suno-html.py,?? SUNO HTML BATCH EXTRACTOR,Gallery Generation,Suno,,
extract-to-audio.py,No docstring,General Utility,,,
extract-video-reader.py,No docstring,Instagram Automation,Instagram,,
extract.py,get_full_annotation_field_id function.,AI Tool,Anthropic,,
extract_archived_content.py,üîç EXTRACT & PRESERVE ARCHIVED CONTENT,Gallery Generation,Suno,,
extract_topic.py,No docstring,General Utility,,,
fancyimg.py,generate_filename_with_gpt function.,AI Content Generation,OpenAI,,
fancyname.py,generate_creative_filename function.,AI Content Generation,OpenAI,,
fetcher.py,__init__ function.,General Utility,,,
ffmpeg-help.py,No docstring,Telegram Bot,Telegram,,
ffmpeg-robot.py,No docstring,Telegram Bot,Telegram,,
ffmpeg.py,ffmpeg_install_windows function.,File Management,,,
ffmpegdl.py,__init__ function.,File Management,,,
file-io.py,No docstring,General Utility,,,
file-uploader.py,.'\\   /`.,General Utility,,,
files-csv.py,No docstring,Audio Transcription,,,
fill.py,No docstring,General Utility,,,
filter-blacklist-hashtag.py,instabot filters out the media with your set blacklist hashtags,Instagram Automation,Instagram,,
filter-private-profiles.py,instabot filtering private users example,Instagram Automation,Instagram,,
filtercreator.py,No docstring,General Utility,,,
final-root-organizer.py,Final Root Directory Organizer,YouTube Automation,YouTube,,
final_cleanup_extras.py,üßπ FINAL CLEANUP - Remove Extra Duplicates & Temp Files,File Management,,,
final_comprehensive_scan.py,Final Comprehensive Scan - Uses ALL tools available,Instagram Automation,"Instagram, YouTube, Leonardo",,
final_consolidation.py,üéµ FINAL CONSOLIDATION - Download Missing + Remove Redundant,File Management,Suno,,
final_consolidator.py,üéØ FINAL PYTHON ECOSYSTEM CONSOLIDATOR,File Management,,,
finder.py,Comprehensive Duplicate File Detection Script,General Utility,,,
finetune-unsloth.py,Below is an instruction that describes a task. Write a response that appropriately completes the req,Data Merging,,,
fix_bare_except.py,üîß BARE EXCEPT FIXER,File Management,,,
fix_transcript_names.py,üìù FIX TRANSCRIPT NAMES,File Management,,,
fixer.py,format_with_black function.,File Management,,,
flatten_all_album_structure.py,üéµ FLATTEN ALL ALBUM STRUCTURES,File Management,,,
float.py,Tests that work on both the Python and C engines but do not have a,CSV Processing,,,
fluid-document-sweep.py,Fluid Document Sweep - Find Interesting Python Scripts and Utilities,AI Content Generation,"OpenAI, Anthropic",,
folder.py,image_to_pdf function.,General Utility,,,
follow-last-user.py,instabot example,Instagram Automation,Instagram,,
follow-requests.py,No docstring,Instagram Automation,Instagram,,
follow-user-followers.py,instabot example,Instagram Automation,Instagram,,
follow-user-following.py,instabot example,Instagram Automation,Instagram,,
follow-users-from.py,instabot example,Instagram Automation,Instagram,,
follow-users.py,instabot example,Instagram Automation,Instagram,,
followers.py,instabot example,Instagram Automation,Instagram,,
formdata.py,Helper class for form body generation.,General Utility,,,
fundamental-analysis.py,build_fundamental_agent function.,AI Tool,OpenAI,,
gallery-city-logic.py,City gallery logic implementation for City 16-9 Gallery Generator,Image Processing,,,
gallery-init-remote.py,Configures the argument parser,Gallery Generation,,,
gallery-logic.py,Extracts the base URL (URL without query parameters) and the photo name from a Onedrive photo URL,Gallery Generation,,,
gallery.py,Enhanced Gallery System - Merging simplegallery and city-16-9 features,Gallery Generation,,,
gdrive.py,convert_to_colab function.,CSV Processing,,,
generate-emotional-audio.py,AlchemyAPI Creative TTS Generator,AI Content Generation,"OpenAI, Whisper, Leonardo",,
generate-text-overlay.py,Draw multiline text over given image,Reddit Automation,Reddit,,
generate.py,No docstring,CSV Processing,,,
generatetexts-1.py,Load all .env files from ~/.env.d directory,AI Content Generation,OpenAI,,
generatetexts.py,get_facts function.,AI Content Generation,OpenAI,,
generation.py,Download an image with retries.,General Utility,Leonardo,,
genshi.py,__iter__ function.,Gallery Generation,,,
get-threads.py,Returns a list of threads from the AskReddit subreddit.,Reddit Automation,Reddit,,
get_file.py,No docstring,Image Processing,,,
get_gal.py,No docstring,General Utility,,,
get_hashtags_from.py,No docstring,Instagram Automation,Instagram,,
get_simple.py,Wraps a file (e.g. sys.stdout) and redirects writes to a console.,General Utility,,,
getattr.py,A static version of getattr.,General Utility,,,
getipython.py,Simple function to call to get the current InteractiveShell instance,General Utility,,,
giphy-download.py,Automated Image Upscaler,Image Processing,,,
giphy_downloader.py,Load configuration file,Audio Transcription,Whisper,,
github_repo_audit.py,github_repo_audit.py,Gallery Generation,,,
gmupload.py,__init__ function.,General Utility,,,
goapi.py,No docstring,General Utility,,,
good-usage.py,This template is written by @jeremycjang,General Utility,,,
groq-cli.py,Simple Groq CLI for terminal usage,General Utility,,,
gtts-text-to-speech.py,__init__ function.,Reddit Automation,Reddit,,
gui-apps-get.py,No docstring,General Utility,,,
handle.py,Handle Availability Checker for Dual-Domain Strategy,Instagram Automation,"Instagram, YouTube",,
handlers.py,Tests for input handlers.,General Utility,,,
hardcoded.py,Automated API Key Fixer,AI Tool,"OpenAI, Anthropic, ElevenLabs, Stability",,
harvester.py,find_proxies function.,General Utility,,,
helpers.py,Initializes a new gallery and reads the data from the gallery.json file,Gallery Generation,,,
html-keep.py,HTML Content Analyzer,Gallery Generation,,,
html.py,csv_to_html function.,Gallery Generation,Leonardo,,
html_dom_tree.py,All methods must return media_ids that can be,Instagram Automation,Instagram,,
ident.py,Prepare a batch request to OpenAI for suggesting appropriate titles for scripts.,AI Content Generation,OpenAI,,
identify_user_scripts.py,üîç USER SCRIPT IDENTIFIER,Instagram Automation,"OpenAI, Anthropic, Instagram, YouTube, Telegram, Discord, ElevenLabs, Leonardo",,
image-1.py,remove_background function.,General Utility,,,
image-9mb-up.py,No docstring,Image Processing,,,
image-aws_sqs_queue.py,No docstring,AI Content Generation,OpenAI,,
image-create.py,"takes a string of text, an author, and a name that the file should be",General Utility,,,
image-downloadr_api.py,Convert an image to JPEG format with specified DPI.,Image Processing,Leonardo,,
image-downloadr_batch.py,Download an image with retries.,General Utility,Leonardo,,
image-enrichment.py,Load all .env files from ~/.env.d directory,AI Content Generation,OpenAI,,
image-generater.py,generate function.,Reddit Automation,Reddit,,
image-get_batch.py,No docstring,Image Processing,,,
image-img-prompt.py,No docstring,CSV Processing,,,
image-metadata-gpt4o.py,Calls GPT-4o Vision API to analyze the image at image_path.,AI Content Generation,OpenAI,,
image-pics.py,No docstring,Gallery Generation,,,
image-reader.py,Calls GPT-4o Vision API to analyze the image at image_path.,AI Content Generation,OpenAI,,
image-resize-aspect-ratios.py,No docstring,Image Processing,,,
image-resize.py,No docstring,Image Processing,,,
image-search.py,get_soup function.,Gallery Generation,,,
image-taggy.py,No docstring,CSV Processing,AWS,,
image-ultimate.py,Ultimate Image Processor V2,Image Processing,,,
image-uploadr.py,Based in @jeremycjang and @boldestfortune,Instagram Automation,Instagram,,
images-individual.py,scan_directory function.,General Utility,,,
img2img.py,convert_and_upscale_images function.,Image Processing,,,
imgconvert.py,convert_and_upscale_images function.,Image Processing,,,
imgmp.py,get_cover_images function.,General Utility,,,
imgupscale.py,Merged Content Analysis Tool,Image Processing,,,
imove.py,No docstring,File Management,,,
implement.py,Implement Smart Organization System,Gallery Generation,,,
import-clean-conversations.py,Deepseek Importer v3,File Management,,,
indent.py,Decorator for allowing to use method as normal method or with,General Utility,,,
inference.py,No docstring,Image Processing,,,
infinity-feedliker.py,instabot example,Instagram Automation,Instagram,,
infinity-hashtags-follower.py,instabot example,Instagram Automation,Instagram,,
infinity-hashtags-liker.py,instabot example,Instagram Automation,Instagram,,
init.py,Configures the argument parser,Gallery Generation,,,
init2.py,Configures the argument parser,Gallery Generation,,,
instabot-api-prepare.py,Returns login and password stored in `secret.txt`.,Instagram Automation,Instagram,,
instabot-bot-youtube-user-id.py,"if login function is run threaded, for example in scheduled job,",Instagram Automation,Instagram,,
instabot-devices.py,No docstring,General Utility,,,
instagram-botComment.py,Created in 12/CONSTANT_2019,Instagram Automation,Instagram,,
instagram-build.py,### {name},Instagram Automation,"OpenAI, Instagram, YouTube, Reddit, Whisper, Leonardo",,
instagram-direct-send-photo.py,instabot example,Instagram Automation,Instagram,,
instagram-download-1.py,doesnt_exist function.,Gallery Generation,,,
instagram-download-photos.py,instabot example,Instagram Automation,Instagram,,
instagram-download-user-videos.py,Download a user videos:,Instagram Automation,Instagram,,
instagram-download-your-photos.py,instabot example,Instagram Automation,Instagram,,
instagram-download.py,Content-Aware Etsy Collection Organizer,Instagram Automation,Instagram,,
instagram-models.py,Models used when interacting with the database interface.,General Utility,,,
instagram-openai-download.py,Load all .env files from ~/.env.d directory,AI Content Generation,OpenAI,,
instagram-parse.py,instabot example,Instagram Automation,Instagram,,
instagram-processor.py,convert_to_colab function.,CSV Processing,,,
instagram-repost-photo.py,instabot example,Instagram Automation,Instagram,,
instagram-save-users-followers.py,instabot example,Instagram Automation,Instagram,,
instagram-script_simple.py,"For module attributes like __file__, __str__ and so on.",Data Merging,,,
instagram-setup.py,PrNdOwN setup file.,General Utility,,,
instagram-upload-story-photo.py,No docstring,Instagram Automation,Instagram,,
instagram-upload.py,No docstring,General Utility,,,
instagram.py,No docstring,General Utility,,,
installations.py,run_command function.,CSV Processing,,,
instareport-libs-attack.py,random_str function.,Instagram Automation,Instagram,,
instareport-libs-utils.py,print_success function.,General Utility,,,
intelligent-merger.py,üîÄ INTELLIGENT MERGE TOOL,File Management,,,
intelligent-organization.py,Intelligent Organization System - Core Analyzer,Gallery Generation,,,
intelligent-renamer.py,Python Intelligent Renamer - Flat Structure,Instagram Automation,"OpenAI, Anthropic, Instagram, YouTube, Whisper, Suno",,
intelligent_code_orchestrator.py,üß† INTELLIGENT CODE ORCHESTRATOR,AI Content Generation,"OpenAI, Anthropic, AWS",,
intelligent_dedup.py,üßπ INTELLIGENT DUPLICATE REMOVER,File Management,,,
intelligent_renamer-1.py,üè∑Ô∏è INTELLIGENT CONTENT-AWARE RENAMING TOOL,Instagram Automation,"OpenAI, Anthropic, Instagram, YouTube, Reddit, Telegram, Discord, Whisper, ElevenLabs, Leonardo",,
intelligent_renamer.py,üè∑Ô∏è INTELLIGENT CONTENT-AWARE RENAMER,Instagram Automation,"OpenAI, Anthropic, Instagram, YouTube, Reddit, Whisper, Leonardo",,
interact.py,instabot example,Instagram Automation,Instagram,,
ipython.py,test_publishes function.,Gallery Generation,,,
issue.py,A performance benchmark using the example from issue #CONSTANT_232.,General Utility,,,
kaleidoscope.py,Kaleidoscope Effect - Create mirror/rotation effects.,General Utility,,,
kartoon.py,# Characters: Adrien is a guy with blond hair. Vincent is a guy with black hair.,General Utility,Stability,,
kernelapp.py,An application to launch a kernel by name in a local subprocess.,File Management,,,
launcher.py,Utilities for launching kernels,General Utility,,,
leodown.py,No docstring,General Utility,Leonardo,,
leoimg.py,download_images function.,General Utility,,,
leonardo-convert.py,Load all .env files from ~/.env.d directory,Image Processing,Leonardo,,
leonardo-download-1.py,Load all .env files from ~/.env.d directory,Image Processing,Leonardo,,
leonardo-download.py,Save image and motion MP4 URLs to CSV.,CSV Processing,Leonardo,,
leonardo-process.py,No docstring,CSV Processing,Leonardo,,
leonardo.py,leonardo_motion_cli.py,Image Processing,Leonardo,,
leoup.py,No docstring,Image Processing,Leonardo,,
lexica.py,get_image function.,General Utility,,,
like-follow.py,instabot example,Instagram Automation,Instagram,,
like-hashtags-from.py,instabot example,Instagram Automation,Instagram,,
like-hashtags.py,instabot example,Instagram Automation,Instagram,,
like-location-feed.py,No docstring,Instagram Automation,Instagram,,
like-user-followers.py,instabot example,Instagram Automation,Instagram,,
like-user-following.py,instabot example,Instagram Automation,Instagram,,
like-users-from.py,instabot example,Instagram Automation,Instagram,,
like-users.py,instabot example,Instagram Automation,Instagram,,
like-your-last.py,instabot example,Instagram Automation,Instagram,,
list.py,Tests that work on both the Python and C engines but do not have a,CSV Processing,,,
logic.py,test_get_gallery_logic function.,Gallery Generation,,,
login.py,Login module,YouTube Automation,YouTube,,
loop-upscale.py,No docstring,Image Processing,Leonardo,,
loop.py,Agentic sampling loop that calls the Claude API and local implementation of anthropic-defined comput,AI Content Generation,Anthropic,,
lyrics-storyboards.py,transcribe_audio function.,AI Content Generation,"OpenAI, Whisper",,
macro.py,Support for interactive macros in IPython,General Utility,,,
makecompilation-v1.py,2. Compile video out of clips,General Utility,,,
manage-repo.py,Enhanced GitHub Repository Manager,Gallery Generation,AWS,,
markdown.py,Markdown to PDF Converter,Gallery Generation,,,
market-research-platform.py,üîç AI Market Research Platform,Telegram Bot,"OpenAI, Anthropic, Telegram, ElevenLabs, Stability, Supabase, Pinecone",,
massive.py,This template is written by @loopypanda,General Utility,,,
master-rename-utility.py,Master Rename Utility - Advanced Python File Renaming System,Instagram Automation,"OpenAI, Instagram, YouTube, Reddit, Telegram, Discord, Whisper, AWS",,
master_comprehensive_analyzer.py,MASTER COMPREHENSIVE ANALYZER,Instagram Automation,"Anthropic, Instagram, YouTube, Leonardo",,
media-catalog.py,Helper functions for media catalog CSV cleanup and reporting.,File Management,,,
media-processing-audio.py,Convert seconds into the format MM:SS.,AI Content Generation,"OpenAI, Whisper",,
media.py,Rotates an image according to it's Orientation EXIF Tag,Image Processing,,,
merge-1.py,merge_pdfs function.,Data Merging,,,
merge-csv.py,üéØ ULTIMATE FOLDER CLEANUP - Final Pass,File Management,Suno,,
merge-suno-csv.py,?? SUNO CSV COMPARATOR & MERGER,File Management,Suno,,
merge_moonlight_and_misc.py,üåô MERGE MOONLIGHT FOLDERS & ORGANIZE MISCELLANEOUS,File Management,Suno,,
merge_other_content_albums.py,üîÄ MERGE OTHER_CONTENT/ALBUMS INTO NOCTURNE,Gallery Generation,Suno,,
merged-content.py,Merged Content Analysis Tool,Gallery Generation,,,
message-users.py,instabot example,Instagram Automation,Instagram,,
meta.py,No docstring,YouTube Automation,YouTube,,
metadata.py,__init__ function.,Image Processing,,,
migration-plan.py,Analyze current structure and show what will be migrated where,YouTube Automation,"YouTube, Reddit",,
misc-display.py,Public API for display tools in IPython.,Gallery Generation,,,
misc-gtts.py,__init__ function.,Reddit Automation,Reddit,,
misc-info.py,PrNdOwN module that holds package information.,General Utility,AWS,,
misc-merge.py,create_toc_pdf function.,Data Merging,AWS,,
misc-midj.py,No docstring,General Utility,,,
misc-play.py,No docstring,General Utility,,,
misc-prompts.py,basic_prompt function.,General Utility,,,
misc-pyttsx.py,__init__ function.,General Utility,,,
misc-resize.py,No docstring,Image Processing,,,
mixer.py,üéöÔ∏è Normalize audio segment to a target dBFS level.,General Utility,,,
mklabels.py,webencodings.mklabels,General Utility,,,
model-evaluation-evaluate.py,Function.,AI Content Generation,OpenAI,,
model-evaluation-sagemaker.py,run_evaluation_on_sagemaker function.,AI Tool,"OpenAI, AWS",,
model-finetuning-sagemaker.py,No docstring,General Utility,AWS,,
model.py,üîç Choose the best available OpenAI model for TTS.,AI Tool,"OpenAI, Suno",,
models.py,Definition of the FFDNet model and its custom layers,General Utility,,,
morph.py,Morph Animation - Transform between different emojis or shapes.,Image Processing,,,
move-date.py,No docstring,File Management,,,
move-improvements.py,üéØ MASTER ANALYSIS RUNNER,File Management,,,
move.py,Generate CSV log of file moves from reorganization analysis,File Management,,,
mp3_batch_timestamper.py,Function.,AI Content Generation,"OpenAI, Whisper",,
mp4s.py,format_timestamp function.,YouTube Automation,"OpenAI, YouTube, Whisper",,
multi.py,"Multi-API TTS Generator for ""As a Man Thinketh""",AI Content Generation,"OpenAI, Anthropic, ElevenLabs, AWS",,
multi_depth_folder_analyzer.py,üîç MULTI-DEPTH FOLDER ANALYZER & CONSOLIDATOR,File Management,,,
music-catalog.py,get_matching_files function.,CSV Processing,,,
mydesgin.py,No docstring,CSV Processing,,,
mydesign-download.py,sanitize_title function.,CSV Processing,,,
mydesigner.py,ensure_directories function.,CSV Processing,,,
myinfo.py,No docstring,General Utility,Leonardo,,
named.py,Function.,AI Content Generation,OpenAI,,
nanobanana.py,NanoBanana API Prompt Analyzer,AI Content Generation,"OpenAI, Discord, Suno",,
nativetypes.py,Return a native Python type from the list of compiled nodes. If,General Utility,,,
nested.py,Validating highly nested schemas shouldn't cause exponential time blowups.,General Utility,,,
newsletter-empire.py,üì∞ AI-Powered Newsletter Empire,Telegram Bot,"OpenAI, Anthropic, Telegram, ElevenLabs, Leonardo, Stability, Supabase, Pinecone",,
onedrive-gallery-logic.py,Extracts the base URL (URL without query parameters) and the photo name from a Onedrive photo URL,Gallery Generation,,,
openai-content-creation-nocturne.py,Merged Content Analysis Tool,AI Content Generation,OpenAI,,
openai-download.py,Python Script Map Generator,YouTube Automation,"YouTube, Whisper",,
openai-generate.py,build_editor_agent function.,AI Content Generation,OpenAI,,
openai-image-generater.py,generate_filename_with_gpt function.,AI Content Generation,OpenAI,,
openai-media-processing-image.py,Load all .env files from ~/.env.d directory,AI Content Generation,"OpenAI, Stability",,
openai-missingapikeyerror.py,Environment loading helpers for analyze scripts.,AI Tool,OpenAI,,
openai-setup.py,Test script to verify the transcription analyzer setup,AI Transcription,"OpenAI, Whisper",,
openai-text-to-speech.py,generate_speech_with_curl function.,AI Content Generation,OpenAI,,
openai-transcribe-audio.py,transcribe_audio function.,AI Content Generation,"OpenAI, Whisper",,
openai.py,Simple OpenAI CLI for terminal usage,AI Content Generation,OpenAI,,
optimizer.py,The optimizer tries to constant fold expressions and modify the AST,General Utility,,,
optional.py,test_import_optional function.,Data Analysis,,,
organize-directory.py,Directory Organizer,Gallery Generation,,,
organize-files.py,üíæ SAVE EVERYTHING BEFORE CLEANUP,Gallery Generation,,,
organize.py,AI Outputs Hub - Auto-Organize Dry Run,Gallery Generation,,,
organizer.py,sort_images function.,File Management,,,
origin-date.py,get_creation_date function.,CSV Processing,,,
oshelper.py,No docstring,General Utility,,,
other.py,Function.,Gallery Generation,,,
other_simple.py,Function.,Gallery Generation,,,
output.py,No docstring,Data Merging,,,
page.py,Page Maker v3 ‚Äî a lean static generator with good defaults.,Gallery Generation,,,
pager.py,Base class for a pager.,General Utility,,,
pandas_get_numeric.py,Is the cache stale for the given resource?,File Management,,,
pandas_interchange_column.py,"A container for style information, used by :class:`~rich.console.Console`.",File Management,,,
parse.py,Extracts the base URL (URL without query parameters) and the photo name from a Onedrive photo URL,Gallery Generation,,,
parse_api.py,Function.,AI Content Generation,"OpenAI, Whisper",,
parse_main.py,This module contains provisional support for SOCKS proxies from within,Gallery Generation,,,
parse_simple.py,No docstring,Instagram Automation,Instagram,,
payload.py,Payload registry.,General Utility,,,
payloadpage.py,A payload based version of page.,General Utility,,,
pdf2html.py,extract_images_from_pdf function.,Gallery Generation,,,
pdf2img.py,No docstring,General Utility,,,
pdfcsv.py,No docstring,CSV Processing,,,
performance.py,Performance Optimization Script,Audio Transcription,Whisper,,
periodic.py,Periodic Quality Monitor,AI Content Generation,Anthropic,,
pickleshare.py,PickleShare - a small 'shelve' like datastore with concurrency support,File Management,,,
pip_build_environment.py,No docstring,General Utility,,,
pip_install_command.py,"If the filepath already exists, append _1, _2, ... until a unique filename is found.",Gallery Generation,,,
pip_installer_bootstrap.py,Install setuptools only if absent and not excluded.,Gallery Generation,"Suno, AWS",,
pipeline.py,Shared audio transcription + analysis pipeline helpers.,AI Content Generation,"OpenAI, Whisper",,
playing.py,This template is written by @boldestfortune,File Management,,,
playlist.py,No docstring,YouTube Automation,YouTube,,
podcast-studio.py,üéôÔ∏è AI Podcast Studio,Telegram Bot,"OpenAI, Telegram, ElevenLabs, Stability",,
polly.py,__init__ function.,Gallery Generation,AWS,,
posttextparser.py,posttextparser function.,General Utility,,,
prepare_missing_song_folders.py,üìÇ PREPARE FOLDERS FOR MISSING SONGS,Audio Transcription,"Whisper, Suno",,
preservation-renamer.py,Python Preservation Renamer,Instagram Automation,"Instagram, YouTube",,
printify-organize.py,get_dominant_color function.,Image Processing,,,
process-audio.py,Gemini Storybook Downloader (macOS-friendly),Gallery Generation,,,
process-csv.py,üìä ANALYSIS EXPORT TO CSV,Data Merging,,,
process-json.py,This script is intended for use as a GYP_GENERATOR. It takes as input (by way of,File Management,,,
process-proc-2.py,QuantumForge CLI - Where Order Meets Chaos,General Utility,,,
process-proc_api.py,,Instagram Automation,"Instagram, Telegram",,
process-proc_simple.py,No docstring,General Utility,,,
process-remix.py,No docstring,AI Content Generation,"OpenAI, Whisper",,
process.py,Convert seconds into MM:SS format.,AI Content Generation,"OpenAI, Whisper",,
processing-categories.py,scan_directory function.,CSV Processing,,,
processing-csv-docs_simple.py,No docstring,Gallery Generation,,,
processing-docs.py,"Recursively walks through each directory in 'directories', excluding paths",Gallery Generation,,,
processing-doubles.py,Check if a given path matches any of the exclusion patterns.,Gallery Generation,,,
processing-execute.py,Execute Smart Organization Plan,File Management,,,
processing-fdupes.py,No docstring,CSV Processing,,,
processing-imove.py,No docstring,CSV Processing,,,
processing-json.py,download gif from giphy by giphy id,General Utility,,,
processing-pandas-docs.py,"Reads multiple CSV files from specified paths, concatenates them, and",Data Merging,,,
processing-pandas-json.py,No docstring,File Management,,,
processing-pandas.py,No docstring,CSV Processing,,,
processing.py,Check if a given path matches any of the exclusion patterns.,Gallery Generation,,,
processor-transcript.py,Main entry point for the Transcription Analyzer example usage,AI Content Generation,OpenAI,,
processor.py,No docstring,Gallery Generation,,,
processr.py,No docstring,CSV Processing,Leonardo,,
product-image.py,No docstring,Data Merging,,,
project.py,AvaTarArTs Project Manager,AI Content Generation,OpenAI,,
protocols.py,typing.Protocol classes for jsonschema interfaces.,File Management,,,
pulse.py,Pulse Animation - Scale objects rhythmically for emphasis.,General Utility,,,
py3compat.py,Compatibility tricks for Python 3. Mainly to do with unicode.,General Utility,,,
pydescribe.py,Extracts top-level functions and classes from the script content.,AI Content Generation,OpenAI,,
pyinstaller.py,A crude *bit of everything* smoke test to verify PyInstaller compatibility.,File Management,,,
pyorganize.py,Extracts top-level functions and classes from the script content.,AI Content Generation,OpenAI,,
pytables.py,test_pytables_raises function.,Data Analysis,,,
python-aggressive-cleanup.py,Python Aggressive Cleanup System,YouTube Automation,YouTube,,
python-cleanup-execute.py,Python Directory Cleanup - Auto Execution,File Management,,,
python-documentation.py,Python API Documentation Generator,Gallery Generation,,,
python-filename-cleanup.py,Python Filename Cleanup System,File Management,,,
python-intelligent-rename.py,Intelligent Python File Renamer - Execution Script,Instagram Automation,"OpenAI, Instagram, YouTube, Leonardo",,
python-lint-complexity.py,format_with_black function.,File Management,,,
python-namer.py,Prepare a batch request to OpenAI for suggesting appropriate titles for scripts.,AI Content Generation,OpenAI,,
pythoncat.py,get_openai_category function.,AI Content Generation,OpenAI,,
pythoncatorize.py,get_openai_category function.,AI Content Generation,OpenAI,,
quant-agent.py,build_quant_agent function.,AI Tool,OpenAI,,
quantum.py,__init__ function.,General Utility,,,
quantumforgelabs.py,"<svg xmlns=""http://www.w3.org/CONSTANT_2000/svg"" viewBox=""0 0 CONSTANT_640 640"" role=""img"" aria-labe",YouTube Automation,"OpenAI, YouTube, Discord, Whisper",,
query.py,generate function.,AI Content Generation,OpenAI,,
queue-script.py,No docstring,YouTube Automation,"YouTube, AWS",,
quickstart.py,Activity flow,General Utility,,,
quiz.py,generate_trivia_quiz function.,CSV Processing,,,
re-size.py,No docstring,Image Processing,,,
rebuild.py,Rebuild the internal timezone info in dateutil/zoneinfo/zoneinfo*tar*,File Management,,,
recalc.py,Excel Formula Recalculation Script,General Utility,,,
recovery.py,Recovery Analyzer - Comprehensive analysis of Python backup locations,CSV Processing,,,
reddit-download.py,generate function.,Reddit Automation,Reddit,,
reddit-scrape.py,url: the link of the reddit post to scrape comments/title from,Reddit Automation,Reddit,,
reddit.py,comment_html function.,Reddit Automation,Reddit,,
refresolver-v1.py,JSON Schema URI resolution scopes and dereferencing,Gallery Generation,,,
remove-duplicates.py,Advanced Duplicate Remover - Multiple detection methods,File Management,,,
remove_redundant_prefixes.py,Remove Redundant Folder Name Prefixes,Instagram Automation,"Instagram, YouTube",,
rename.py,No docstring,Telegram Bot,Telegram,,
rename_by_purpose.py,Rename by Purpose - What does the script DO?,Instagram Automation,"OpenAI, Anthropic, Instagram, YouTube, Whisper, ElevenLabs, Leonardo, Stability",,
renamer.py,Simple Python Renamer for ~/Documents/python,Instagram Automation,"OpenAI, Instagram, YouTube, Whisper",,
render_text.py,Exception base class for prompt related errors.,General Utility,,,
reorganize.py,Reorganize to Exact Structure,Instagram Automation,"Instagram, YouTube, Reddit, Telegram",,
reorganize_by_service.py,Reorganize by SERVICE instead of FILE TYPE,Instagram Automation,"OpenAI, Anthropic, Instagram, YouTube, Reddit, Telegram, Whisper, Leonardo, Stability",,
rephrase.py,__init__ function.,AI Content Generation,OpenAI,,
replace.py,Apply text replacements to PowerPoint presentation.,File Management,,,
reportbot.py,getOptions function.,Instagram Automation,Instagram,,
request.py,Shortcuts for generating request headers.,General Utility,,,
requirements.py,Intelligent Requirements Generator,Instagram Automation,"OpenAI, Anthropic, Instagram, YouTube, Whisper, Pinecone",,
research-assistant.py,üß† AI Research Assistant with Memory,AI Content Generation,"OpenAI, Anthropic",,
reset_following.py,This is a account reset tool.,Instagram Automation,Instagram,,
resize.py,Sanitize the filename to ensure:,AI Content Generation,OpenAI,,
resizer.py,setup_logging function.,Image Processing,,,
resolution.py,test_dti_resolution function.,Data Analysis,,,
resource-manager.py,__init__ function.,General Utility,AWS,,
response.py,Checks whether a given file-like object is closed.,General Utility,,,
restarter.py,A basic kernel monitor with autorestarting.,General Utility,,,
retrieve-docs.py,No docstring,General Utility,,,
revenue-engine.py,üí∞ AI Revenue Engine,Reddit Automation,"OpenAI, Anthropic, Reddit, Telegram, Discord",,
riddle.py,Function.,AI Content Generation,OpenAI,,
robust.py,Robust File Processor,Gallery Generation,,,
root-scripts.py,Organize Root Python Scripts by Content,Instagram Automation,"OpenAI, Anthropic, Instagram, YouTube, Reddit, Telegram",,
run-all-renamers.py,Master Runner for All Rename Utilities,AI Tool,OpenAI,,
safeduplicatecleanup-v1.py,Safe Duplicate Cleanup Script,File Management,,,
sample-config.py,No docstring,YouTube Automation,"YouTube, Telegram",,
save-ai-outputs.py,AI Outputs Hub - Integration Script,Gallery Generation,,,
save-exit.py,Auto-save conversation on exit keywords,AI Tool,Anthropic,,
save-unfollowers-into.py,instabot example,Instagram Automation,Instagram,,
save-users-following.py,instabot example,Instagram Automation,Instagram,,
savify.py,Main module for Savify.,YouTube Automation,YouTube,,
scancsv.py,scan_directory function.,CSV Processing,,,
scanpython.py,get_script_description function.,AI Content Generation,OpenAI,,
scanpythons.py,Extracts top-level functions and classes from the script content.,AI Content Generation,OpenAI,,
scheme.py,For types associated with installation schemes.,Gallery Generation,,,
scrape-suno-api.py,?? SUNO AI SCRAPER - Complete CSV Exporter,Gallery Generation,Suno,,
scrape.py,Method to remove punctuation and numbers from a string,Reddit Automation,Reddit,,
scraper.py,download_vid function.,Reddit Automation,Reddit,,
scraping-download-intelligent.py,Intelligent Content-Aware File Renamer,Instagram Automation,"Instagram, YouTube, Telegram, Discord",,
scraping-download-news_api_fetcher.py,No docstring,Image Processing,,,
scraping-download-scrape.py,No docstring,Reddit Automation,Reddit,,
screenshot-generate.py,No docstring,Telegram Bot,Telegram,,
script_simple.py,No docstring,General Utility,,,
scripts.py,A class to copy or create scripts from source scripts or callable,File Management,,,
scriptwrapper.py,No docstring,General Utility,AWS,,
scripty.py,scripty_tts_unified_v2.py,AI Content Generation,"OpenAI, Whisper, Suno",,
search-claude-conversations.py,Search conversations filtered by date range,AI Tool,Anthropic,,
search.py,Alfred Script Filter for Claude Code Conversations - Enhanced Version,AI Tool,Anthropic,,
second-pass-migration.py,Analyze remaining Python files and directories for second migration pass,Instagram Automation,"OpenAI, Instagram, YouTube, Reddit, Telegram, Leonardo",,
secret.py,No docstring,YouTube Automation,YouTube,,
services-gallery.py,Configures the argument parser,Gallery Generation,AWS,,
services-s3bucket.py,audio_down function.,General Utility,AWS,,
services.py,audio_down function.,General Utility,AWS,,
setters.py,Commonly used hooks for on_setattr.,General Utility,,,
settings.py,generateConfigFile function.,General Utility,,,
setup.py,Social Media Automation Setup Script,Instagram Automation,"Instagram, Discord",,
setup_browser.py,No docstring,Gallery Generation,,,
setup_legacy.py,Upload videos to Youtube.,YouTube Automation,YouTube,,
setup_simple.py,Setup script for City 16-9 Gallery Generator,Gallery Generation,,,
setuptools.py,exec(compile(''',General Utility,,,
sheets.py,Google Sheets helpers using gspread.,Image Processing,,,
shorts-code.py,format_timestamp function.,YouTube Automation,"OpenAI, YouTube, Whisper",,
simple-effective.py,This template is written by @zackvega,General Utility,,,
simple-interaction-good.py,This template is written by @Tachenz,General Utility,,,
simple-photo-gallery.py,Get the creation date of the file.,Gallery Generation,,,
simple.py,No docstring,Reddit Automation,Reddit,,
simple_flat_organizer.py,Simple Flat Category Organizer,Instagram Automation,"OpenAI, Anthropic, Instagram, YouTube, Reddit, Telegram, Whisper, Suno, Leonardo",,
simple_smart_renamer.py,"Simple Smart Renamer - NO AI, Just Logic!",Instagram Automation,"OpenAI, Anthropic, Instagram, YouTube, Reddit, Telegram, ElevenLabs, Leonardo, Stability",,
simplify-organizer.py,Simplify File Organizer,Gallery Generation,,,
simplify.py,Simplify File Organizer - Execution Script,Instagram Automation,"OpenAI, Anthropic, Instagram, YouTube, Reddit, Suno, Leonardo",,
singleton.py,__call__ function.,General Utility,,,
skip-8below.py,get_closest_aspect_ratio function.,Image Processing,,,
skip-image-fixer.py,No docstring,Image Processing,,,
skiprows.py,Tests that skipped rows are properly handled during,CSV Processing,,,
slide.py,Slide Animation - Slide elements in from edges with overshoot/bounce.,General Utility,,,
smart-dedup.py,üßπ SMART DEDUPLICATION TOOL,File Management,,,
smart-organizer.py,Smart File Organizer,Gallery Generation,,,
smart.py,Smart Organization Plan Generator,Instagram Automation,"Anthropic, Instagram, YouTube",,
smart_archive_backups.py,Smart Archive Deduplicator,File Management,,,
smart_conservative_renamer.py,üéØ SMART CONSERVATIVE RENAMER,Instagram Automation,"OpenAI, Instagram, YouTube, Reddit, Whisper, Leonardo",,
smart_content_renamer_v2.py,üè∑Ô∏è SMART CONTENT-AWARE RENAMER V2,YouTube Automation,"YouTube, Whisper",,
smart_local_renamer.py,Smart Local Renamer - NO AI HALLUCINATIONS!,Instagram Automation,"OpenAI, Anthropic, Instagram, YouTube, Reddit, Telegram, ElevenLabs, Leonardo, Stability, AWS",,
smart_rename_versions.py,Smart Version Renaming,File Management,,,
snoopbanner.py,[cyan],Gallery Generation,,,
snoopplugins.py,–ü–ª–∞–≥–∏–Ω—ã Snoop Project/–ß–µ—Ä–Ω–æ–≤–∏–∫,Gallery Generation,,,
social-platforms-instagram-botError.py,Created in 10/CONSTANT_2020,Instagram Automation,Instagram,,
social-platforms-instagram-config.py,Important Notes:,YouTube Automation,YouTube,,
social-platforms-instagram-scraper.py,var fDialog = document.querySelector('{secici}');,Instagram Automation,Instagram,,
social-platforms-instagram.py,Configuration settings for the Transcription Analyzer,AI Content Generation,"OpenAI, Whisper",,
society6-upload.py,No docstring,General Utility,,,
software.py,Context-Efficient Software Architect Agent,File Management,,,
song-process.py,Convert seconds into MM:SS format.,AI Content Generation,"OpenAI, Whisper",,
sora-sora-storyboard.py,Prompt the user to input the directory where MP3 files are stored.,CSV Processing,,,
sort.py,Final Intelligent Sort,Instagram Automation,"OpenAI, Anthropic, Instagram, Reddit",,
sorts.py,Check if a given path matches any of the exclusion patterns.,Gallery Generation,,,
sound.py,No docstring,General Utility,,,
speak.py,No docstring,AI Content Generation,"OpenAI, Whisper",,
speech.py,generate_speech function.,AI Content Generation,OpenAI,,
speek.py,No docstring,AI Content Generation,OpenAI,,
split-chunks.py,split_csv function.,CSV Processing,,,
split.py,split_html_file function.,Gallery Generation,,,
splt.py,No docstring,Gallery Generation,,,
sqs-queue-handler.py,__init__ function.,General Utility,AWS,,
stability-format.py,Format-Optimized Medium Article Automation,Gallery Generation,"Stability, AWS",,
stability-medium.py,Medium Article Automation Maker,Gallery Generation,"Stability, AWS",,
stability.py,text_to_image function.,General Utility,Stability,,
start-with.py,Merged Content Analysis Tool,AI Content Generation,OpenAI,,
state.py,__init__ function.,Instagram Automation,Instagram,,
static.py,No docstring,General Utility,,,
sticker-download.py,No docstring,Telegram Bot,Telegram,,
stories-downloader.py,No docstring,Instagram Automation,Instagram,,
story-section.py,Merged Content Analysis Tool,AI Content Generation,"OpenAI, Whisper",,
story-trans.py,Convert seconds into the format MM:SS.,AI Content Generation,"OpenAI, Whisper",,
story.py,download_stories function.,Instagram Automation,Instagram,,
storykeytrans.py,Convert seconds into the format MM:SS.,AI Content Generation,"OpenAI, Whisper",,
streamlabs-polly.py,__init__ function.,General Utility,,,
structures.py,requests.structures,General Utility,,,
stylish-unfollow-tips.py,This template is written by @Nocturnal-2,General Utility,,,
subcomponents.py,A benchmark which tries to compare the possible slow subparts of validation.,General Utility,,,
subject.py,Subject-aware reframing using face/pose detection for intelligent cropping,General Utility,,,
subreddit.py,Returns a list of threads from the AskReddit subreddit.,Reddit Automation,Reddit,,
subredditsentiment-apps.py,No docstring,Reddit Automation,Reddit,,
subtitle.py,No docstring,Image Processing,,,
sufflecsv.py,shuffle_csv function.,CSV Processing,,,
suno-card-html.py,<!DOCTYPE html>,Gallery Generation,,,
suno-generator.py,get_matching_files function.,CSV Processing,Suno,,
suno-html-scraper.py,prompt_for_files function.,Gallery Generation,Suno,,
suno-music-catalog.py,get_matching_files function.,CSV Processing,Suno,,
super-simple-setting.py,This template is written by @Edhim,General Utility,,,
super_flatten.py,Super Aggressive Flattener,File Management,,,
support.py,test_extract_urls function.,Instagram Automation,Instagram,,
synthesize.py,As a Man Thinketh - Text to Speech System (Real Content),File Management,"ElevenLabs, Stability, AWS",,
sysinfo.py,Utilities for getting information about IPython and the system it's running in.,General Utility,,,
system-monitor.py,üîç AI System Health Monitor,Telegram Bot,"OpenAI, Telegram, ElevenLabs",,
system.py,Setup Periodic Quality Monitoring,AI Content Generation,Anthropic,,
targeted-v1.py,Targeted cleanup: Fix obvious issues,File Management,,,
tehsites-complete.py,Complete File Merge and Deduplication Script,Image Processing,,,
telegraph-download-images.py,---===( Telegraph Image Downloader v1.2.1 –æ—Ç ARTEZON )===---,Gallery Generation,,,
temp-file-manager.py,"This module contains classes - NamedFileInTemporaryDirectory, TemporaryWorkingDirectory.",File Management,,,
template.py,"<div class=""job-listing"">",Gallery Generation,,,
testfonts-v1.py,create_text_slide function.,Image Processing,,,
testjoin-v1.py,test_append_join_nondatetimeindex function.,Data Analysis,,,
textgenerator-1.py,clean_response function.,AI Content Generation,OpenAI,,
textgenerator.py,clean_response function.,AI Content Generation,OpenAI,,
texttospeech-v1.py,__init__ function.,General Utility,,,
thinketh_content_renamer.py,As-a-Man-Thinketh Content-Aware Renamer,Gallery Generation,,,
thinketh_content_renamer_from_seo-optimizer.py,As-a-Man-Thinketh Content-Aware Renamer,Gallery Generation,,,
thinketh_duplicate_cleanup.py,As-a-Man-Thinketh Duplicate Cleanup,File Management,,,
thinketh_tts_adaptive.py,üéß Adaptive Emotional Audiobook Generator (Cheerful Guide Style) üéß,AI Content Generation,OpenAI,,
thinketh_tts_asmr.py,"ASMR whisper edition with cheerful-guide affect,",AI Content Generation,"OpenAI, Whisper",,
thinketh_tts_main.py,thinketh_tts.py,AI Content Generation,OpenAI,,
thinketh_tts_scripty.py,Cinematic hybrid edition:,AI Content Generation,OpenAI,,
thinketh_tts_universal.py,Return best available OpenAI model for TTS.,AI Content Generation,"OpenAI, Suno",,
thumbnail.py,Load all .env files from ~/.env.d directory,YouTube Automation,"YouTube, ElevenLabs",,
thumbs.py,export_thumbnail function.,General Utility,,,
to-html-gallery.py,csv_to_html function.,Gallery Generation,,,
tocpdf.py,create_toc_pdf function.,General Utility,AWS,,
tools.py,get_openai_category function.,AI Content Generation,OpenAI,,
track.py,Wraps a try-except-assign statement.,General Utility,,,
transcribe-analyze-local.py,analyze_mp3_open_source.py,Audio Transcription,Whisper,,
transcribe.py,transcribe_audio function.,Audio Transcription,Whisper,,
transcriber.py,Advanced Transcriber - Consolidated Transcription Script,AI Content Generation,"OpenAI, Whisper",,
transcript-prompts.py,transcribe_audio function.,AI Content Generation,"OpenAI, Whisper",,
transcript.py,No docstring,AI Content Generation,"OpenAI, Whisper",,
transcription.py,Audio/Video Transcription and Analysis Tool,AI Content Generation,"OpenAI, Whisper",,
translation.py,"Hi Bro, This Is Telegrams Yet Another Sassiest Downloader com Renamer Bot Hit /help to know how to u",YouTube Automation,"YouTube, Telegram",,
twitch-download.py,request function.,General Utility,,,
twitch-exceptions.py,General error class for TwitchTube.,General Utility,,,
typedefs.py,No docstring,General Utility,,,
typography.py,"Typography System - Professional text rendering with outlines, shadows, and effects.",General Utility,,,
ufunc.py,add3 function.,Data Analysis,,,
ultra.py,Ultra Advanced Content-Aware File Analysis System,YouTube Automation,"OpenAI, Anthropic, YouTube, Stability, AWS",,
unarchive.py,instabot example,Instagram Automation,Instagram,,
undo-move.py,Move files back to their original locations.,General Utility,,,
undo_collection_and_merge.py,üîÑ UNDO COLLECTION FIX & MERGE INTO NOCTURNE,Data Merging,,,
unfollow-everyone.py,instabot example,Instagram Automation,Instagram,,
unfollow-followers.py,instabot example,Instagram Automation,Instagram,,
unified_workflow_poc.py,Unified Workflow Engine - Proof of Concept,AI Content Generation,"OpenAI, Whisper",,
universe4.py,No docstring,Image Processing,Leonardo,,
unlike-users.py,instabot example,Instagram Automation,Instagram,,
unused.py,An unused schema registry should not cause slower validation.,General Utility,,,
upload-content.py,\,YouTube Automation,YouTube,,
upload-manager.py,GitHub Upload Manager,General Utility,,,
upload-products.py,No docstring,CSV Processing,,,
upload.py,"Class deriving from the HTTPServer, defining new properties",Gallery Generation,,,
upload_api.py,Function.,AI Content Generation,OpenAI,,
upload_simple.py,No docstring,Instagram Automation,Instagram,,
uploader.py,"Class deriving from the HTTPServer, defining new properties",Gallery Generation,,,
upscale-and-upload.py,No docstring,Image Processing,,,
upscale-images.py,convert_and_upscale_images function.,Image Processing,,,
upscale-sips.py,No docstring,Image Processing,,,
upscale.py,Move Improvements Back Script,AI Content Generation,Anthropic,,
upscalecreateimages.py,Load all .env files from ~/.env.d directory,AI Content Generation,"OpenAI, Stability",,
upscaled.py,Convert an image to JPEG format with specified DPI.,Image Processing,Leonardo,,
upscaler.py,No docstring,Image Processing,,,
upwork.py,extract_job_id_from_url function.,Data Merging,,,
usecols.py,Tests the usecols functionality during parsing,CSV Processing,,,
user.py,load_excel function.,Data Analysis,,,
util-json-handler.py,No docstring,CSV Processing,,,
utilities-async.py,AS A MAN THINKETH By James Allen,AI Content Generation,"OpenAI, Whisper, AWS",,
utilities-misc.py,This function takes a reddit object and returns the post id,Reddit Automation,Reddit,,
utilities-upscale-images.py,convert_and_upscale_images function.,Image Processing,,,
utils-1.py,+----------------------------+--------+,General Utility,,,
utils.py,Gets the current date and returns the date as a string.,General Utility,,,
utils_simple.py,Shared utilities for the multi-agent investment workflow.,General Utility,,,
validate-json-reader.py,API Key Manager - Interactive Script for Managing Environment Variables,AI Content Generation,"OpenAI, Anthropic, ElevenLabs, Suno, Leonardo, Stability, AWS, Supabase, Pinecone",,
validate-settings.py,get_check_value function.,General Utility,,,
vanceai-remove-background.py,remove_background function.,General Utility,,,
verbose-transcriber.py,format_timestamp function.,YouTube Automation,"OpenAI, YouTube, Whisper",,
verbose.py,Tests that work on both the Python and C engines but do not have a,File Management,,,
verify-connection.py,Run a simple command (like 'who') to verify an SSH connection.,AI Tool,OpenAI,,
verify.py,Setup Verification Script,AI Tool,"OpenAI, Anthropic",,
verify_and_sort_missing_songs.py,üîç VERIFY & SORT MISSING SONGS,File Management,Suno,,
video-clip-editor.py,No docstring,General Utility,,,
vision.py,generate_description function.,AI Content Generation,OpenAI,,
visual.py,"Visual Effects - Particles, motion blur, impacts, and other effects for GIFs.",General Utility,,,
voice.py,Checks if the response is a ratelimit response.,General Utility,,,
voices.py,Saves Text to MP3 files.,Reddit Automation,Reddit,,
webm.py,Converts all .webm files in the specified directory to .mp3 format.,General Utility,,,
welcome-message.py,instabot example,Instagram Automation,Instagram,,
whisper-transcript.py,Split the video into smaller segments.,AI Content Generation,"OpenAI, Whisper",,
whisper.py,No docstring,Instagram Automation,"Instagram, YouTube, Whisper",,
whispertext-combine.py,No docstring,Instagram Automation,"Instagram, YouTube, Whisper",,
whispertext.py,No docstring,Instagram Automation,"Instagram, YouTube, Whisper",,
whitelist.py,instabot example,Instagram Automation,Instagram,,
wiggle.py,"Wiggle Animation - Smooth, organic wobbling and jiggling motions.",Image Processing,,,
word-validate-changes.py,Validator for tracked changes in Word documents.,AI Content Generation,Anthropic,,
workspace-audit.py,Comprehensive Analysis of Claude Directory,AI Content Generation,Anthropic,,
ygpt-utils-textgenerator.py,clean_response function.,AI Content Generation,OpenAI,,
youtube-VIEWBOT.py,{Color.CYAN},YouTube Automation,"YouTube, AWS",,
youtube-adjust-image.py,adjust_image_size function.,Image Processing,,,
youtube-analyze-files.py,env_wizard.py ‚Äî Interactive .env builder with sections & per-entry save,General Utility,,,
youtube-analyze-youtube.py,No docstring,General Utility,,,
youtube-artname.py,Created in 07/CONSTANT_2020,Instagram Automation,Instagram,,
youtube-audio-downloadr.py,No docstring,YouTube Automation,YouTube,,
youtube-authentication.py,Tests OAuth authentication with YouTube.,YouTube Automation,YouTube,,
youtube-awsqueue.py,__init__ function.,General Utility,AWS,,
youtube-background.py,get_start_and_end_times function.,YouTube Automation,YouTube,,
youtube-bash-tool.py,bash_tool function.,General Utility,,,
youtube-bot-1.py,fetch function.,YouTube Automation,YouTube,,
youtube-browser.py,publish function.,YouTube Automation,YouTube,,
youtube-bulk-upload.py,No docstring,YouTube Automation,YouTube,,
youtube-button.py,No docstring,YouTube Automation,"YouTube, Telegram",,
youtube-client.py,No docstring,General Utility,Leonardo,,
youtube-compile-image.py,compile_image_info function.,CSV Processing,,,
youtube-configure-opik.py,configure_opik function.,General Utility,,,
youtube-content-maker.py,clean_response function.,AI Content Generation,OpenAI,,
youtube-convert-video.py,No docstring,Telegram Bot,Telegram,,
youtube-copy-files.py,copy_files_with_logging function.,File Management,,,
youtube-cover.py,get_cover_images function.,General Utility,,,
youtube-create-fade.py,"Fade Animation - Fade in, fade out, and crossfade effects.",Data Merging,,,
youtube-create-flip.py,Flip Animation - 3D-style card flip and rotation effects.,Image Processing,,,
youtube-create-news-videos.py,__init__ function.,Instagram Automation,Instagram,,
youtube-create-spin.py,Spin Animation - Rotate objects continuously or with variation.,General Utility,,,
youtube-create-thumbnail.py,create_thumbnail function.,General Utility,,,
youtube-create-video.py,select_images_based_on_analysis function.,Image Processing,,,
youtube-create-zoom.py,Zoom Animation - Scale objects dramatically for emphasis.,General Utility,,,
youtube-createvideo-v1.py,add_captions function.,General Utility,,,
youtube-cumsum.py,This is the {method} method.,Data Analysis,,,
youtube-dlimage.py,DLimage function.,Instagram Automation,"Instagram, Reddit",,
youtube-download-thumbnail.py,download_thumbnail function.,YouTube Automation,YouTube,,
youtube-download-video.py,This script downloads videos from pexels.com. Uses this to get videos background,General Utility,,,
youtube-download.py,get_authenticated_service function.,YouTube Automation,YouTube,,
youtube-downloadr-api.py,Low-level helpers for the SecureTransport bindings.,General Utility,,,
youtube-downloadupload.py,__init__ function.,YouTube Automation,"YouTube, AWS",,
youtube-downloadvideos-v1.py,1. Download daily trending TikTok clips,General Utility,,,
youtube-evil.py,Module with bad __all__,General Utility,,,
youtube-generate-content.py,generate_content function.,AI Content Generation,"OpenAI, Stability",,
youtube-generate-trivia.py,generate_trivia_quiz function.,CSV Processing,,,
youtube-generate.py,generate function.,Reddit Automation,Reddit,,
youtube-generateAudio.py,No docstring,CSV Processing,,,
youtube-generater.py,create_endpoint function.,General Utility,AWS,,
youtube-get-creation.py,No docstring,Gallery Generation,,,
youtube-glut-display.py,GLUT Input hook for interactive use with prompt_toolkit,General Utility,,,
youtube-help.py,help_msg function.,Instagram Automation,"Instagram, Telegram",,
youtube-inputhook.py,Wrapper around the eventloop that gives some time to the Tkinter GUI to process,General Utility,,,
youtube-instareport-instareport-youtube.py,help_msg function.,Instagram Automation,"Instagram, Telegram",,
youtube-instareport-libs-proxy.py,find_proxies function.,YouTube Automation,"YouTube, Telegram",,
youtube-isin.py,test_isin_nan function.,Data Analysis,,,
youtube-keys.py,__init__ function.,File Management,,,
youtube-load-ipython.py,Useless IPython extension to test installing and loading extensions.,General Utility,,,
youtube-load.py,Load all .env files from ~/.env.d directory,AI Content Generation,OpenAI,,
youtube-main.py,{Color.CYAN},YouTube Automation,"YouTube, AWS",,
youtube-management-upload-youtube.py,No docstring,General Utility,,,
youtube-media-processing-audio.py,No docstring,YouTube Automation,YouTube,,
youtube-media-processing-video-2025-vid.py,No docstring,CSV Processing,,,
youtube-media-processing-video-extract_simple.py,ULTIMATE Media Analysis Pipeline - Multi-API Edition,AI Content Generation,"OpenAI, Anthropic, Whisper",,
youtube-media-processing-video-render_simple.py,Returns a blurred (radius=2 pixels) version of the image,Image Processing,,,
youtube-models.py,No docstring,General Utility,AWS,,
youtube-motion-upload.py,No docstring,General Utility,Leonardo,,
youtube-newupload-v1.py,Authenticates and returns the YouTube Data API service.,YouTube Automation,YouTube,,
youtube-notify.py,__init__ function.,General Utility,,,
youtube-openai-ygpt-utils-videogenerator.py,No docstring,Image Processing,,,
youtube-pexels_video_downloader.py,No docstring,Gallery Generation,,,
youtube-playlist-simple.py,No docstring,YouTube Automation,YouTube,,
youtube-print-logo.py,[[black-bright-background]][[yellow]] ‚ñà‚ñà‚ñì [[yellow]]‚ñà‚ñà‚ñà‚ñÑ    ‚ñà  [[yellow]] ‚ñà‚ñà‚ñà‚ñà‚ñà‚ñà [[yellow]]‚ñÑ‚ñÑ‚ñÑ‚ñà‚ñà‚ñà‚ñà‚ñà‚ñì,General Utility,,,
youtube-process-video.py,Extracts text from the given video file using OCR and saves the text to an output file.,General Utility,,,
youtube-python_repo_inspector.py,"<article style=""border:1px solid #ddd;border-radius:12px;padding:12px;margin:10px 0;"">",YouTube Automation,"OpenAI, Anthropic, YouTube, Whisper, AWS",,
youtube-read.py,Valid extensions for reading Excel files with xlrd.,Data Analysis,,,
youtube-reddit-download.py,No docstring,Reddit Automation,Reddit,,
youtube-reddit-video-maker.py,main function.,Reddit Automation,Reddit,,
youtube-remove.py,remove_old_files function.,General Utility,,,
youtube-request.py,request function.,General Utility,,,
youtube-rotate-image.py,Rotates an image according to it's Orientation EXIF Tag,Image Processing,,,
youtube-sanitize-title.py,sanitize_title function.,CSV Processing,,,
youtube-scrape-youtube-channel.py,No docstring,YouTube Automation,YouTube,,
youtube-scraping-download.py,get_soup function.,Gallery Generation,,,
youtube-social-platforms-youtube-yt-simple.py,Patched ``BZ2File`` and ``LZMAFile`` to handle pickle protocol 5.,Data Analysis,,,
youtube-social-platforms-youtube.py,No docstring,YouTube Automation,YouTube,,
youtube-sphinx-source-youtube.py,No docstring,Gallery Generation,,,
youtube-title-case.py,Skill Initializer - Creates a new skill from template,AI Content Generation,Anthropic,,
youtube-tool.py,__init__ function.,General Utility,,,
youtube-trivial.py,Some simple tests for the plugin while running scripts.,General Utility,,,
youtube-types.py,No docstring,YouTube Automation,YouTube,,
youtube-upload-file.py,No docstring,AI Content Generation,OpenAI,,
youtube-upload-video.py,üé¨ AI Video Studio,YouTube Automation,"OpenAI, YouTube, Telegram, ElevenLabs, Stability",,
youtube-upload.py,_wait_for_processing function.,General Utility,,,
youtube-upload_api.py,initialize_upload function.,YouTube Automation,YouTube,,
youtube-uploader.py,create_thumbnails function.,Image Processing,,,
youtube-video-downloadr-api.py,Authenticates and returns the YouTube Data API service.,YouTube Automation,YouTube,,
youtube-video-downloadr-csv-batch.py,Load all .env files from ~/.env.d directory,YouTube Automation,"YouTube, ElevenLabs",,
youtube-video-downloadr.py,Authenticates and returns the YouTube Data API service.,YouTube Automation,YouTube,,
youtube-videoedit.py,__init__ function.,Data Merging,,,
youtube-videos.py,Checks if the chosen post has already been generated,Reddit Automation,Reddit,,
youtube-web-scraping-download-main.py.py,No docstring,YouTube Automation,YouTube,,
youtube-yplaylist.py,No docstring,YouTube Automation,YouTube,,
youtube-ytcsv.py,No docstring,YouTube Automation,YouTube,,
youtube-ytdownloadthumb.py,Load all .env files from ~/.env.d directory,YouTube Automation,"YouTube, ElevenLabs",,
youtube-ytube-simple.py,No docstring,YouTube Automation,YouTube,,
youtube-ytube.py,No docstring,YouTube Automation,YouTube,,
youtube-ytubedlthumbs.py,Load all .env files from ~/.env.d directory,YouTube Automation,"YouTube, ElevenLabs",,
ytdl-audiodownload.py,__init__ function.,YouTube Automation,YouTube,,
ytdl-audiometadata.py,__init__ function.,Image Processing,,,
ytdl-listen.py,No docstring,General Utility,,,
ytdlconfiguration.py,__init__ function.,YouTube Automation,YouTube,,
